{
  "2026-01-17": {
    "goleag": {
      "Jämtland": 1.5911995205897256e-06,
      "Härjedalen": 0.00012488798529375345,
      "Blekinge": 0.012063777074217796,
      "Östergötland": 0.016788717359304428,
      "Norrbotten": 0.009352752938866615,
      "Medelpad": 5.921286239107815e-10,
      "Västergötland": 0.03419695049524307,
      "Södermanland": 0.06657203286886215,
      "Dalsland": 3.602329877765563e-17,
      "Uppland": 0.054294735193252563,
      "Värmland": 0.011987268924713135,
      "Västerbotten": 0.050497233867645264,
      "Dalarna": 0.01093561016023159,
      "Hälsingland": 0.00921601615846157,
      "Småland": 0.02088172547519207,
      "Lappland": 0.019068440422415733,
      "Öland": 0.10904640704393387,
      "Ångermanland": 3.5561766205394196e-12,
      "Halland": 0.039440080523490906,
      "Bohuslän": 0.00010710498463595286,
      "Västmanland": 0.015049879439175129,
      "Gotland": 0.03662702441215515,
      "Närke": 0.010034906677901745,
      "Gästrikland": 0.014557384885847569,
      "Skåne": 0.07230264693498611
    },
    "whteag": {
      "Gästrikland": 0.018376363441348076,
      "Dalsland": 1.4720570788995246e-06,
      "Hälsingland": 0.015675930306315422,
      "Södermanland": 0.24031394720077515,
      "Västmanland": 0.02292906679213047,
      "Skåne": 0.6902468204498291,
      "Värmland": 0.02545788325369358,
      "Närke": 0.02597840502858162,
      "Uppland": 0.09940129518508911,
      "Härjedalen": 0.00012086024071322754,
      "Blekinge": 0.008482969366014004,
      "Halland": 0.19926704466342926,
      "Jämtland": 0.018102815374732018,
      "Norrbotten": 0.00464869849383831,
      "Medelpad": 0.0055886791087687016,
      "Bohuslän": 0.005972358863800764,
      "Västergötland": 0.05472206324338913,
      "Dalarna": 0.0008299007313326001,
      "Västerbotten": 0.03460932523012161,
      "Gotland": 0.03398016467690468,
      "Småland": 0.06939006596803665,
      "Ångermanland": 1.920363683893811e-05,
      "Östergötland": 0.03731965646147728,
      "Öland": 0.10933983325958252,
      "Lappland": 0.014040358364582062
    }
  }
}